coach_id,name,firstname,lastname,age,nationality,birth_date,birth_place,birth_country,height,weight,team_id,team_name,career,photo
1993,E. ten Hag,Erik,ten Hag,55.0,Netherlands,1970-02-02,Haaksbergen,Netherlands,,,33,Manchester United,"[{'team': {'id': 33, 'name': 'Manchester United', 'logo': 'https://media.api-sports.io/football/teams/33.png'}, 'start': '2022-06-01', 'end': '2024-10-01'}, {'team': {'id': 194, 'name': 'Ajax', 'logo': 'https://media.api-sports.io/football/teams/194.png'}, 'start': '2018-01-01', 'end': '2022-05-01'}, {'team': {'id': 207, 'name': 'Utrecht', 'logo': 'https://media.api-sports.io/football/teams/207.png'}, 'start': '2015-07-01', 'end': '2017-12-01'}, {'team': {'id': 4674, 'name': 'Bayern München II', 'logo': 'https://media.api-sports.io/football/teams/4674.png'}, 'start': '2013-06-01', 'end': '2015-07-01'}, {'team': {'id': 410, 'name': 'Go Ahead Eagles', 'logo': 'https://media.api-sports.io/football/teams/410.png'}, 'start': '2012-07-01', 'end': '2013-06-01'}]",https://media.api-sports.io/football/coachs/1993.png
4720,Ruben Amorim,Ruben Filipe,Marques Diogo Amorim,40.0,Portugal,1985-01-27,Lisboa,Portugal,182 cm,72 kg,33,Manchester United,"[{'team': {'id': 33, 'name': 'Manchester United', 'logo': 'https://media.api-sports.io/football/teams/33.png'}, 'start': '2024-11-01', 'end': None}, {'team': {'id': 228, 'name': 'Sporting Lisbon', 'logo': 'https://media.api-sports.io/football/teams/228.png'}, 'start': '2020-03-01', 'end': '2024-11-01'}, {'team': {'id': 217, 'name': 'Sporting Braga', 'logo': 'https://media.api-sports.io/football/teams/217.png'}, 'start': '2019-12-01', 'end': '2020-03-01'}, {'team': {'id': 246, 'name': 'Sporting Braga II', 'logo': 'https://media.api-sports.io/football/teams/246.png'}, 'start': '2019-09-01', 'end': '2019-12-01'}]",https://media.api-sports.io/football/coachs/4720.png
25762,Michael Carrick,Michael,Carrick,45.0,England,1981-07-28,Wallsend,England,188 cm,,33,Manchester United,"[{'team': {'id': 33, 'name': 'Manchester United', 'logo': 'https://media.api-sports.io/football/teams/33.png'}, 'start': '2025-08-01', 'end': None}]",https://media.api-sports.io/football/coachs/25762.png
5,E. Howe,Edward John Frank,Howe,48.0,England,1977-11-29,Amersham,England,,,34,Newcastle United,"[{'team': {'id': 34, 'name': 'Newcastle United', 'logo': 'https://media.api-sports.io/football/teams/34.png'}, 'start': '2021-11-01', 'end': None}, {'team': {'id': 35, 'name': 'AFC Bournemouth', 'logo': 'https://media.api-sports.io/football/teams/35.png'}, 'start': '2012-10-01', 'end': '2020-08-01'}, {'team': {'id': 44, 'name': 'Burnley', 'logo': 'https://media.api-sports.io/football/teams/44.png'}, 'start': '2011-01-01', 'end': '2012-10-01'}, {'team': {'id': 35, 'name': 'AFC Bournemouth', 'logo': 'https://media.api-sports.io/football/teams/35.png'}, 'start': '2008-12-01', 'end': '2011-01-01'}]",https://media.api-sports.io/football/coachs/5.png
84,G. Jones,Graeme Anthony,Jones,55.0,England,1970-03-13,Gateshead,England,,,34,Newcastle,"[{'team': {'id': 34, 'name': 'Newcastle', 'logo': 'https://media.api-sports.io/football/teams/34.png'}, 'start': '2021-10-01', 'end': None}, {'team': {'id': 1359, 'name': 'Luton', 'logo': 'https://media.api-sports.io/football/teams/1359.png'}, 'start': '2019-08-01', 'end': '2020-03-01'}]",https://media.api-sports.io/football/coachs/84.png
85,J. Woodgate,Jonathan,Woodgate,45.0,England,1980-01-22,Nunthorpe,England,183 cm,80 kg,35,AFC Bournemouth,"[{'team': {'id': 35, 'name': 'AFC Bournemouth', 'logo': 'https://media.api-sports.io/football/teams/35.png'}, 'start': '2021-02-01', 'end': '2021-06-01'}, {'team': {'id': 70, 'name': 'Middlesbrough', 'logo': 'https://media.api-sports.io/football/teams/70.png'}, 'start': '2019-06-01', 'end': '2020-06-01'}]",https://media.api-sports.io/football/coachs/85.png
2108,Andoni Iraola,Andoni,Iraola Sagarna,43.0,Spain,1982-06-22,Usurbil,Spain,178 cm,77 kg,35,AFC Bournemouth,"[{'team': {'id': 35, 'name': 'AFC Bournemouth', 'logo': 'https://media.api-sports.io/football/teams/35.png'}, 'start': '2023-07-01', 'end': None}, {'team': {'id': 728, 'name': 'Rayo Vallecano', 'logo': 'https://media.api-sports.io/football/teams/728.png'}, 'start': '2020-08-01', 'end': '2023-06-01'}, {'team': {'id': 799, 'name': 'Mirandes', 'logo': 'https://media.api-sports.io/football/teams/799.png'}, 'start': '2019-07-01', 'end': '2020-07-01'}, {'team': {'id': 614, 'name': 'AEK Larnaca', 'logo': 'https://media.api-sports.io/football/teams/614.png'}, 'start': '2018-07-01', 'end': '2019-01-01'}]",https://media.api-sports.io/football/coachs/2108.png
12777,J. Tindall,Jason,Tindall,48.0,England,1977-11-15,Mile End,England,185 cm,74 kg,35,Bournemouth,"[{'team': {'id': 35, 'name': 'Bournemouth', 'logo': 'https://media.api-sports.io/football/teams/35.png'}, 'start': '2020-09-01', 'end': None}]",https://media.api-sports.io/football/coachs/12777.png
10,Marco Silva,Marco Alexandre,Saraiva da Silva,48.0,Portugal,1977-07-12,Lisboa,Portugal,,,36,Fulham,"[{'team': {'id': 36, 'name': 'Fulham', 'logo': 'https://media.api-sports.io/football/teams/36.png'}, 'start': '2021-07-01', 'end': None}, {'team': {'id': 45, 'name': 'Everton', 'logo': 'https://media.api-sports.io/football/teams/45.png'}, 'start': '2018-05-01', 'end': '2019-12-01'}, {'team': {'id': 38, 'name': 'Watford', 'logo': 'https://media.api-sports.io/football/teams/38.png'}, 'start': '2017-05-01', 'end': '2018-01-01'}, {'team': {'id': 64, 'name': 'Hull City', 'logo': 'https://media.api-sports.io/football/teams/64.png'}, 'start': '2017-01-01', 'end': '2017-05-01'}, {'team': {'id': 553, 'name': 'Olympiakos', 'logo': 'https://media.api-sports.io/football/teams/553.png'}, 'start': '2015-07-01', 'end': '2016-06-01'}, {'team': {'id': 228, 'name': 'Sporting Lisbon', 'logo': 'https://media.api-sports.io/football/teams/228.png'}, 'start': '2014-07-01', 'end': '2015-07-01'}, {'team': {'id': 230, 'name': 'Estoril', 'logo': 'https://media.api-sports.io/football/teams/230.png'}, 'start': '2012-07-01', 'end': '2014-05-01'}]",https://media.api-sports.io/football/coachs/10.png
